{
    "name": "root",
    "gauges": {
        "AgentController.Policy.Entropy.mean": {
            "value": 1.409708857536316,
            "min": 1.4095213413238525,
            "max": 1.4249560832977295,
            "count": 50
        },
        "AgentController.Policy.Entropy.sum": {
            "value": 1550.6796875,
            "min": 998.9327392578125,
            "max": 2000.1632080078125,
            "count": 50
        },
        "AgentController.Environment.EpisodeLength.mean": {
            "value": 71.7,
            "min": 44.0,
            "max": 2546.0,
            "count": 38
        },
        "AgentController.Environment.EpisodeLength.sum": {
            "value": 717.0,
            "min": 88.0,
            "max": 4679.0,
            "count": 38
        },
        "AgentController.Step.mean": {
            "value": 49974.0,
            "min": 964.0,
            "max": 49974.0,
            "count": 50
        },
        "AgentController.Step.sum": {
            "value": 49974.0,
            "min": 964.0,
            "max": 49974.0,
            "count": 50
        },
        "AgentController.Policy.ExtrinsicValueEstimate.mean": {
            "value": 2.712062120437622,
            "min": -0.0861012190580368,
            "max": 3.081059694290161,
            "count": 50
        },
        "AgentController.Policy.ExtrinsicValueEstimate.sum": {
            "value": 56.953304290771484,
            "min": -1.3776195049285889,
            "max": 70.86437225341797,
            "count": 50
        },
        "AgentController.Environment.CumulativeReward.mean": {
            "value": 5.0,
            "min": -1.0,
            "max": 5.0,
            "count": 39
        },
        "AgentController.Environment.CumulativeReward.sum": {
            "value": 50.0,
            "min": -3.0,
            "max": 75.0,
            "count": 39
        },
        "AgentController.Policy.ExtrinsicReward.mean": {
            "value": 5.0,
            "min": -1.0,
            "max": 5.0,
            "count": 39
        },
        "AgentController.Policy.ExtrinsicReward.sum": {
            "value": 50.0,
            "min": -3.0,
            "max": 75.0,
            "count": 39
        },
        "AgentController.IsTraining.mean": {
            "value": 1.0,
            "min": 1.0,
            "max": 1.0,
            "count": 50
        },
        "AgentController.IsTraining.sum": {
            "value": 1.0,
            "min": 1.0,
            "max": 1.0,
            "count": 50
        },
        "AgentController.Losses.PolicyLoss.mean": {
            "value": 0.08738480164659752,
            "min": 0.08570875593947373,
            "max": 0.11149395769067875,
            "count": 24
        },
        "AgentController.Losses.PolicyLoss.sum": {
            "value": 0.08738480164659752,
            "min": 0.08570875593947373,
            "max": 0.11149395769067875,
            "count": 24
        },
        "AgentController.Losses.ValueLoss.mean": {
            "value": 0.42765026120468974,
            "min": 0.0011544920165430415,
            "max": 0.6988527559054395,
            "count": 24
        },
        "AgentController.Losses.ValueLoss.sum": {
            "value": 0.42765026120468974,
            "min": 0.0011544920165430415,
            "max": 0.6988527559054395,
            "count": 24
        },
        "AgentController.Policy.LearningRate.mean": {
            "value": 1.560999479999895e-07,
            "min": 1.560999479999895e-07,
            "max": 0.000287688004104,
            "count": 24
        },
        "AgentController.Policy.LearningRate.sum": {
            "value": 1.560999479999895e-07,
            "min": 1.560999479999895e-07,
            "max": 0.000287688004104,
            "count": 24
        },
        "AgentController.Policy.Epsilon.mean": {
            "value": 0.10005200000000002,
            "min": 0.10005200000000002,
            "max": 0.19589600000000004,
            "count": 24
        },
        "AgentController.Policy.Epsilon.sum": {
            "value": 0.10005200000000002,
            "min": 0.10005200000000002,
            "max": 0.19589600000000004,
            "count": 24
        },
        "AgentController.Policy.Beta.mean": {
            "value": 1.2594799999999826e-05,
            "min": 1.2594799999999826e-05,
            "max": 0.0047952104,
            "count": 24
        },
        "AgentController.Policy.Beta.sum": {
            "value": 1.2594799999999826e-05,
            "min": 1.2594799999999826e-05,
            "max": 0.0047952104,
            "count": 24
        }
    },
    "metadata": {
        "timer_format_version": "0.1.0",
        "start_time_seconds": "1741485976",
        "python_version": "3.10.12 | packaged by Anaconda, Inc. | (main, Jul  5 2023, 19:01:18) [MSC v.1916 64 bit (AMD64)]",
        "command_line_arguments": "C:\\Users\\SANGLI Kenneth\\.conda\\envs\\MLvenv\\Scripts\\mlagents-learn config.yaml --run-id=RayCastRun2",
        "mlagents_version": "1.1.0",
        "mlagents_envs_version": "1.1.0",
        "communication_protocol_version": "1.5.0",
        "pytorch_version": "2.6.0+cpu",
        "numpy_version": "1.23.5",
        "end_time_seconds": "1741486116"
    },
    "total": 139.85853250000218,
    "count": 1,
    "self": 0.03980980000051204,
    "children": {
        "run_training.setup": {
            "total": 0.16923469999892404,
            "count": 1,
            "self": 0.16923469999892404
        },
        "TrainerController.start_learning": {
            "total": 139.64948800000275,
            "count": 1,
            "self": 0.18840630038175732,
            "children": {
                "TrainerController._reset_env": {
                    "total": 14.637819600000512,
                    "count": 1,
                    "self": 14.637819600000512
                },
                "TrainerController.advance": {
                    "total": 124.74159569961921,
                    "count": 4730,
                    "self": 0.19508959975792095,
                    "children": {
                        "env_step": {
                            "total": 80.64523809991078,
                            "count": 4730,
                            "self": 67.7468957996316,
                            "children": {
                                "SubprocessEnvManager._take_step": {
                                    "total": 12.774927499936894,
                                    "count": 4730,
                                    "self": 0.4842264999751933,
                                    "children": {
                                        "TorchPolicy.evaluate": {
                                            "total": 12.2907009999617,
                                            "count": 4577,
                                            "self": 12.2907009999617
                                        }
                                    }
                                },
                                "workers": {
                                    "total": 0.1234148003422888,
                                    "count": 4730,
                                    "self": 0.0,
                                    "children": {
                                        "worker_root": {
                                            "total": 127.53877500031376,
                                            "count": 4730,
                                            "is_parallel": true,
                                            "self": 72.37049450038467,
                                            "children": {
                                                "steps_from_proto": {
                                                    "total": 0.010165200001210906,
                                                    "count": 1,
                                                    "is_parallel": true,
                                                    "self": 0.000975800008745864,
                                                    "children": {
                                                        "_process_rank_one_or_two_observation": {
                                                            "total": 0.009189399992465042,
                                                            "count": 4,
                                                            "is_parallel": true,
                                                            "self": 0.009189399992465042
                                                        }
                                                    }
                                                },
                                                "UnityEnvironment.step": {
                                                    "total": 55.158115299927886,
                                                    "count": 4730,
                                                    "is_parallel": true,
                                                    "self": 1.3350146003140253,
                                                    "children": {
                                                        "UnityEnvironment._generate_step_input": {
                                                            "total": 1.6539382999690133,
                                                            "count": 4730,
                                                            "is_parallel": true,
                                                            "self": 1.6539382999690133
                                                        },
                                                        "communicator.exchange": {
                                                            "total": 48.45387049987039,
                                                            "count": 4730,
                                                            "is_parallel": true,
                                                            "self": 48.45387049987039
                                                        },
                                                        "steps_from_proto": {
                                                            "total": 3.7152918997744564,
                                                            "count": 4730,
                                                            "is_parallel": true,
                                                            "self": 1.4682429990716628,
                                                            "children": {
                                                                "_process_rank_one_or_two_observation": {
                                                                    "total": 2.2470489007027936,
                                                                    "count": 18920,
                                                                    "is_parallel": true,
                                                                    "self": 2.2470489007027936
                                                                }
                                                            }
                                                        }
                                                    }
                                                }
                                            }
                                        }
                                    }
                                }
                            }
                        },
                        "trainer_advance": {
                            "total": 43.901267999950505,
                            "count": 4730,
                            "self": 0.2660638999805087,
                            "children": {
                                "process_trajectory": {
                                    "total": 9.594296699942788,
                                    "count": 4730,
                                    "self": 8.421848499929183,
                                    "children": {
                                        "RLTrainer._checkpoint": {
                                            "total": 1.172448200013605,
                                            "count": 10,
                                            "self": 1.172448200013605
                                        }
                                    }
                                },
                                "_update_policy": {
                                    "total": 34.04090740002721,
                                    "count": 24,
                                    "self": 13.788154600028065,
                                    "children": {
                                        "TorchPPOOptimizer.update": {
                                            "total": 20.252752799999143,
                                            "count": 2319,
                                            "self": 20.252752799999143
                                        }
                                    }
                                }
                            }
                        }
                    }
                },
                "trainer_threads": {
                    "total": 1.2999953469261527e-06,
                    "count": 1,
                    "self": 1.2999953469261527e-06
                },
                "TrainerController._save_models": {
                    "total": 0.08166510000592098,
                    "count": 1,
                    "self": 0.004436200004420243,
                    "children": {
                        "RLTrainer._checkpoint": {
                            "total": 0.07722890000150073,
                            "count": 1,
                            "self": 0.07722890000150073
                        }
                    }
                }
            }
        }
    }
}