{
    "Agent Controller": {
        "checkpoints": [
            {
                "steps": 34974,
                "file_path": "results\\RayCastRun2\\Agent Controller\\Agent Controller-34974.onnx",
                "reward": 5.0,
                "creation_time": 1741486081.1006255,
                "auxillary_file_paths": [
                    "results\\RayCastRun2\\Agent Controller\\Agent Controller-34974.pt"
                ]
            },
            {
                "steps": 39971,
                "file_path": "results\\RayCastRun2\\Agent Controller\\Agent Controller-39971.onnx",
                "reward": 5.0,
                "creation_time": 1741486093.179461,
                "auxillary_file_paths": [
                    "results\\RayCastRun2\\Agent Controller\\Agent Controller-39971.pt"
                ]
            },
            {
                "steps": 44943,
                "file_path": "results\\RayCastRun2\\Agent Controller\\Agent Controller-44943.onnx",
                "reward": 5.0,
                "creation_time": 1741486104.4527242,
                "auxillary_file_paths": [
                    "results\\RayCastRun2\\Agent Controller\\Agent Controller-44943.pt"
                ]
            },
            {
                "steps": 49974,
                "file_path": "results\\RayCastRun2\\Agent Controller\\Agent Controller-49974.onnx",
                "reward": null,
                "creation_time": 1741486115.9790835,
                "auxillary_file_paths": [
                    "results\\RayCastRun2\\Agent Controller\\Agent Controller-49974.pt"
                ]
            },
            {
                "steps": 50038,
                "file_path": "results\\RayCastRun2\\Agent Controller\\Agent Controller-50038.onnx",
                "reward": null,
                "creation_time": 1741486116.0623515,
                "auxillary_file_paths": [
                    "results\\RayCastRun2\\Agent Controller\\Agent Controller-50038.pt"
                ]
            }
        ],
        "final_checkpoint": {
            "steps": 50038,
            "file_path": "results\\RayCastRun2\\Agent Controller.onnx",
            "reward": null,
            "creation_time": 1741486116.0623515,
            "auxillary_file_paths": [
                "results\\RayCastRun2\\Agent Controller\\Agent Controller-50038.pt"
            ]
        }
    },
    "metadata": {
        "stats_format_version": "0.3.0",
        "mlagents_version": "1.1.0",
        "torch_version": "2.6.0+cpu"
    }
}