{
    "name": "root",
    "gauges": {
        "AgentController.Policy.Entropy.mean": {
            "value": 1.4081114530563354,
            "min": 1.408111333847046,
            "max": 1.419403314590454,
            "count": 50
        },
        "AgentController.Policy.Entropy.sum": {
            "value": 1239.1380615234375,
            "min": 1030.48681640625,
            "max": 1997.865478515625,
            "count": 50
        },
        "AgentController.Environment.EpisodeLength.mean": {
            "value": 1041.0,
            "min": 28.0,
            "max": 1941.0,
            "count": 45
        },
        "AgentController.Environment.EpisodeLength.sum": {
            "value": 2082.0,
            "min": 28.0,
            "max": 2525.0,
            "count": 45
        },
        "AgentController.Step.mean": {
            "value": 49977.0,
            "min": 950.0,
            "max": 49977.0,
            "count": 50
        },
        "AgentController.Step.sum": {
            "value": 49977.0,
            "min": 950.0,
            "max": 49977.0,
            "count": 50
        },
        "AgentController.Policy.ExtrinsicValueEstimate.mean": {
            "value": 0.009937915951013565,
            "min": -0.2662510275840759,
            "max": 0.0795896053314209,
            "count": 50
        },
        "AgentController.Policy.ExtrinsicValueEstimate.sum": {
            "value": 0.1689445674419403,
            "min": -3.9937655925750732,
            "max": 1.3203976154327393,
            "count": 50
        },
        "AgentController.Environment.CumulativeReward.mean": {
            "value": 0.5,
            "min": -1.0,
            "max": 2.0,
            "count": 44
        },
        "AgentController.Environment.CumulativeReward.sum": {
            "value": 1.0,
            "min": -3.0,
            "max": 2.0,
            "count": 44
        },
        "AgentController.Policy.ExtrinsicReward.mean": {
            "value": 0.5,
            "min": -1.0,
            "max": 2.0,
            "count": 44
        },
        "AgentController.Policy.ExtrinsicReward.sum": {
            "value": 1.0,
            "min": -3.0,
            "max": 2.0,
            "count": 44
        },
        "AgentController.IsTraining.mean": {
            "value": 1.0,
            "min": 1.0,
            "max": 1.0,
            "count": 50
        },
        "AgentController.IsTraining.sum": {
            "value": 1.0,
            "min": 1.0,
            "max": 1.0,
            "count": 50
        },
        "AgentController.Losses.PolicyLoss.mean": {
            "value": 0.10972232801032078,
            "min": 0.08093989065734301,
            "max": 0.10972232801032078,
            "count": 23
        },
        "AgentController.Losses.PolicyLoss.sum": {
            "value": 0.10972232801032078,
            "min": 0.08093989065734301,
            "max": 0.10972232801032078,
            "count": 23
        },
        "AgentController.Losses.ValueLoss.mean": {
            "value": 0.00932997495692689,
            "min": 0.0020951602770461855,
            "max": 0.06297098866586263,
            "count": 23
        },
        "AgentController.Losses.ValueLoss.sum": {
            "value": 0.00932997495692689,
            "min": 0.0020951602770461855,
            "max": 0.06297098866586263,
            "count": 23
        },
        "AgentController.Policy.LearningRate.mean": {
            "value": 1.167609610799999e-05,
            "min": 1.167609610799999e-05,
            "max": 0.0002875740041419999,
            "count": 23
        },
        "AgentController.Policy.LearningRate.sum": {
            "value": 1.167609610799999e-05,
            "min": 1.167609610799999e-05,
            "max": 0.0002875740041419999,
            "count": 23
        },
        "AgentController.Policy.Epsilon.mean": {
            "value": 0.10389200000000003,
            "min": 0.10389200000000003,
            "max": 0.195858,
            "count": 23
        },
        "AgentController.Policy.Epsilon.sum": {
            "value": 0.10389200000000003,
            "min": 0.10389200000000003,
            "max": 0.195858,
            "count": 23
        },
        "AgentController.Policy.Beta.mean": {
            "value": 0.00020421079999999978,
            "min": 0.00020421079999999978,
            "max": 0.004793314200000001,
            "count": 23
        },
        "AgentController.Policy.Beta.sum": {
            "value": 0.00020421079999999978,
            "min": 0.00020421079999999978,
            "max": 0.004793314200000001,
            "count": 23
        }
    },
    "metadata": {
        "timer_format_version": "0.1.0",
        "start_time_seconds": "1741484243",
        "python_version": "3.10.12 | packaged by Anaconda, Inc. | (main, Jul  5 2023, 19:01:18) [MSC v.1916 64 bit (AMD64)]",
        "command_line_arguments": "C:\\Users\\SANGLI Kenneth\\.conda\\envs\\MLvenv\\Scripts\\mlagents-learn config.yaml --run-id=NewLocomotionRun1",
        "mlagents_version": "1.1.0",
        "mlagents_envs_version": "1.1.0",
        "communication_protocol_version": "1.5.0",
        "pytorch_version": "2.6.0+cpu",
        "numpy_version": "1.23.5",
        "end_time_seconds": "1741484357"
    },
    "total": 113.82652849999431,
    "count": 1,
    "self": 0.03354219999164343,
    "children": {
        "run_training.setup": {
            "total": 0.16882210000039777,
            "count": 1,
            "self": 0.16882210000039777
        },
        "TrainerController.start_learning": {
            "total": 113.62416420000227,
            "count": 1,
            "self": 0.18423199986864347,
            "children": {
                "TrainerController._reset_env": {
                    "total": 17.779124100001354,
                    "count": 1,
                    "self": 17.779124100001354
                },
                "TrainerController.advance": {
                    "total": 95.57091360013146,
                    "count": 4639,
                    "self": 0.19788130024971906,
                    "children": {
                        "env_step": {
                            "total": 60.77707219962758,
                            "count": 4639,
                            "self": 48.51932539993868,
                            "children": {
                                "SubprocessEnvManager._take_step": {
                                    "total": 12.139594199907151,
                                    "count": 4639,
                                    "self": 0.5049038000070141,
                                    "children": {
                                        "TorchPolicy.evaluate": {
                                            "total": 11.634690399900137,
                                            "count": 4577,
                                            "self": 11.634690399900137
                                        }
                                    }
                                },
                                "workers": {
                                    "total": 0.11815259978175163,
                                    "count": 4639,
                                    "self": 0.0,
                                    "children": {
                                        "worker_root": {
                                            "total": 97.72569769989059,
                                            "count": 4639,
                                            "is_parallel": true,
                                            "self": 61.12711279975338,
                                            "children": {
                                                "steps_from_proto": {
                                                    "total": 0.003950199999962933,
                                                    "count": 1,
                                                    "is_parallel": true,
                                                    "self": 0.0008925000074668787,
                                                    "children": {
                                                        "_process_rank_one_or_two_observation": {
                                                            "total": 0.0030576999924960546,
                                                            "count": 2,
                                                            "is_parallel": true,
                                                            "self": 0.0030576999924960546
                                                        }
                                                    }
                                                },
                                                "UnityEnvironment.step": {
                                                    "total": 36.59463470013725,
                                                    "count": 4639,
                                                    "is_parallel": true,
                                                    "self": 0.8694195000061882,
                                                    "children": {
                                                        "UnityEnvironment._generate_step_input": {
                                                            "total": 1.48362539975642,
                                                            "count": 4639,
                                                            "is_parallel": true,
                                                            "self": 1.48362539975642
                                                        },
                                                        "communicator.exchange": {
                                                            "total": 31.909414500303683,
                                                            "count": 4639,
                                                            "is_parallel": true,
                                                            "self": 31.909414500303683
                                                        },
                                                        "steps_from_proto": {
                                                            "total": 2.3321753000709577,
                                                            "count": 4639,
                                                            "is_parallel": true,
                                                            "self": 1.2241640998545336,
                                                            "children": {
                                                                "_process_rank_one_or_two_observation": {
                                                                    "total": 1.1080112002164242,
                                                                    "count": 9278,
                                                                    "is_parallel": true,
                                                                    "self": 1.1080112002164242
                                                                }
                                                            }
                                                        }
                                                    }
                                                }
                                            }
                                        }
                                    }
                                }
                            }
                        },
                        "trainer_advance": {
                            "total": 34.59596010025416,
                            "count": 4639,
                            "self": 0.2692555000539869,
                            "children": {
                                "process_trajectory": {
                                    "total": 8.34036810019461,
                                    "count": 4639,
                                    "self": 7.075759700201161,
                                    "children": {
                                        "RLTrainer._checkpoint": {
                                            "total": 1.264608399993449,
                                            "count": 10,
                                            "self": 1.264608399993449
                                        }
                                    }
                                },
                                "_update_policy": {
                                    "total": 25.986336500005564,
                                    "count": 23,
                                    "self": 10.065655700098432,
                                    "children": {
                                        "TorchPPOOptimizer.update": {
                                            "total": 15.920680799907132,
                                            "count": 2217,
                                            "self": 15.920680799907132
                                        }
                                    }
                                }
                            }
                        }
                    }
                },
                "trainer_threads": {
                    "total": 1.7999991541728377e-06,
                    "count": 1,
                    "self": 1.7999991541728377e-06
                },
                "TrainerController._save_models": {
                    "total": 0.08989270000165561,
                    "count": 1,
                    "self": 0.0034900999962701462,
                    "children": {
                        "RLTrainer._checkpoint": {
                            "total": 0.08640260000538547,
                            "count": 1,
                            "self": 0.08640260000538547
                        }
                    }
                }
            }
        }
    }
}