{
    "Agent Controller": {
        "checkpoints": [
            {
                "steps": 34959,
                "file_path": "results\\NewLocomotionRun1\\Agent Controller\\Agent Controller-34959.onnx",
                "reward": 0.0,
                "creation_time": 1741484328.3828795,
                "auxillary_file_paths": [
                    "results\\NewLocomotionRun1\\Agent Controller\\Agent Controller-34959.pt"
                ]
            },
            {
                "steps": 39942,
                "file_path": "results\\NewLocomotionRun1\\Agent Controller\\Agent Controller-39942.onnx",
                "reward": 2.0,
                "creation_time": 1741484339.3824182,
                "auxillary_file_paths": [
                    "results\\NewLocomotionRun1\\Agent Controller\\Agent Controller-39942.pt"
                ]
            },
            {
                "steps": 44973,
                "file_path": "results\\NewLocomotionRun1\\Agent Controller\\Agent Controller-44973.onnx",
                "reward": -1.0,
                "creation_time": 1741484348.5488603,
                "auxillary_file_paths": [
                    "results\\NewLocomotionRun1\\Agent Controller\\Agent Controller-44973.pt"
                ]
            },
            {
                "steps": 49977,
                "file_path": "results\\NewLocomotionRun1\\Agent Controller\\Agent Controller-49977.onnx",
                "reward": -0.25,
                "creation_time": 1741484357.4300072,
                "auxillary_file_paths": [
                    "results\\NewLocomotionRun1\\Agent Controller\\Agent Controller-49977.pt"
                ]
            },
            {
                "steps": 50041,
                "file_path": "results\\NewLocomotionRun1\\Agent Controller\\Agent Controller-50041.onnx",
                "reward": -0.25,
                "creation_time": 1741484357.5252533,
                "auxillary_file_paths": [
                    "results\\NewLocomotionRun1\\Agent Controller\\Agent Controller-50041.pt"
                ]
            }
        ],
        "final_checkpoint": {
            "steps": 50041,
            "file_path": "results\\NewLocomotionRun1\\Agent Controller.onnx",
            "reward": -0.25,
            "creation_time": 1741484357.5252533,
            "auxillary_file_paths": [
                "results\\NewLocomotionRun1\\Agent Controller\\Agent Controller-50041.pt"
            ]
        }
    },
    "metadata": {
        "stats_format_version": "0.3.0",
        "mlagents_version": "1.1.0",
        "torch_version": "2.6.0+cpu"
    }
}