{
    "name": "root",
    "gauges": {
        "AgentController.Policy.Entropy.mean": {
            "value": 1.3537980318069458,
            "min": 1.3537980318069458,
            "max": 1.4189382791519165,
            "count": 50
        },
        "AgentController.Policy.Entropy.sum": {
            "value": 1345.67529296875,
            "min": 1315.28515625,
            "max": 1480.980712890625,
            "count": 50
        },
        "AgentController.Step.mean": {
            "value": 49978.0,
            "min": 974.0,
            "max": 49978.0,
            "count": 50
        },
        "AgentController.Step.sum": {
            "value": 49978.0,
            "min": 974.0,
            "max": 49978.0,
            "count": 50
        },
        "AgentController.Policy.ExtrinsicValueEstimate.mean": {
            "value": 8.921939849853516,
            "min": 0.10671545565128326,
            "max": 8.921939849853516,
            "count": 50
        },
        "AgentController.Policy.ExtrinsicValueEstimate.sum": {
            "value": 383.6434326171875,
            "min": 1.7074472904205322,
            "max": 392.3247985839844,
            "count": 50
        },
        "AgentController.Environment.EpisodeLength.mean": {
            "value": 22.11627906976744,
            "min": 21.84090909090909,
            "max": 1080.0,
            "count": 49
        },
        "AgentController.Environment.EpisodeLength.sum": {
            "value": 951.0,
            "min": 525.0,
            "max": 2160.0,
            "count": 49
        },
        "AgentController.Environment.CumulativeReward.mean": {
            "value": 10.0,
            "min": -5.0,
            "max": 10.0,
            "count": 49
        },
        "AgentController.Environment.CumulativeReward.sum": {
            "value": 430.0,
            "min": -10.0,
            "max": 440.0,
            "count": 49
        },
        "AgentController.Policy.ExtrinsicReward.mean": {
            "value": 10.0,
            "min": -5.0,
            "max": 10.0,
            "count": 49
        },
        "AgentController.Policy.ExtrinsicReward.sum": {
            "value": 430.0,
            "min": -10.0,
            "max": 440.0,
            "count": 49
        },
        "AgentController.IsTraining.mean": {
            "value": 1.0,
            "min": 1.0,
            "max": 1.0,
            "count": 50
        },
        "AgentController.IsTraining.sum": {
            "value": 1.0,
            "min": 1.0,
            "max": 1.0,
            "count": 50
        },
        "AgentController.Losses.PolicyLoss.mean": {
            "value": 0.10980426006911632,
            "min": 0.0793111559857304,
            "max": 0.11377814769123991,
            "count": 24
        },
        "AgentController.Losses.PolicyLoss.sum": {
            "value": 0.10980426006911632,
            "min": 0.0793111559857304,
            "max": 0.11377814769123991,
            "count": 24
        },
        "AgentController.Losses.ValueLoss.mean": {
            "value": 0.01371003435633611,
            "min": 0.01371003435633611,
            "max": 1.6435051386555035,
            "count": 24
        },
        "AgentController.Losses.ValueLoss.sum": {
            "value": 0.01371003435633611,
            "min": 0.01371003435633611,
            "max": 1.6435051386555035,
            "count": 24
        },
        "AgentController.Policy.LearningRate.mean": {
            "value": 1.7340994220000018e-06,
            "min": 1.7340994220000018e-06,
            "max": 0.000287628004124,
            "count": 24
        },
        "AgentController.Policy.LearningRate.sum": {
            "value": 1.7340994220000018e-06,
            "min": 1.7340994220000018e-06,
            "max": 0.000287628004124,
            "count": 24
        },
        "AgentController.Policy.Epsilon.mean": {
            "value": 0.10057800000000004,
            "min": 0.10057800000000004,
            "max": 0.19587600000000002,
            "count": 24
        },
        "AgentController.Policy.Epsilon.sum": {
            "value": 0.10057800000000004,
            "min": 0.10057800000000004,
            "max": 0.19587600000000002,
            "count": 24
        },
        "AgentController.Policy.Beta.mean": {
            "value": 3.884220000000004e-05,
            "min": 3.884220000000004e-05,
            "max": 0.004794212399999999,
            "count": 24
        },
        "AgentController.Policy.Beta.sum": {
            "value": 3.884220000000004e-05,
            "min": 3.884220000000004e-05,
            "max": 0.004794212399999999,
            "count": 24
        }
    },
    "metadata": {
        "timer_format_version": "0.1.0",
        "start_time_seconds": "1741475608",
        "python_version": "3.10.12 | packaged by Anaconda, Inc. | (main, Jul  5 2023, 19:01:18) [MSC v.1916 64 bit (AMD64)]",
        "command_line_arguments": "C:\\Users\\SANGLI Kenneth\\.conda\\envs\\MLvenv\\Scripts\\mlagents-learn config.yaml --run-id=PelletGrabberRun4",
        "mlagents_version": "1.1.0",
        "mlagents_envs_version": "1.1.0",
        "communication_protocol_version": "1.5.0",
        "pytorch_version": "2.6.0+cpu",
        "numpy_version": "1.23.5",
        "end_time_seconds": "1741476389"
    },
    "total": 781.0923791000023,
    "count": 1,
    "self": 0.0733607000001939,
    "children": {
        "run_training.setup": {
            "total": 0.1251497000012023,
            "count": 1,
            "self": 0.1251497000012023
        },
        "TrainerController.start_learning": {
            "total": 780.8938687000009,
            "count": 1,
            "self": 1.852799799740751,
            "children": {
                "TrainerController._reset_env": {
                    "total": 26.24817020000046,
                    "count": 1,
                    "self": 26.24817020000046
                },
                "TrainerController.advance": {
                    "total": 752.6827185002549,
                    "count": 50933,
                    "self": 1.6905577015022573,
                    "children": {
                        "env_step": {
                            "total": 708.0593134997034,
                            "count": 50933,
                            "self": 578.7194694993887,
                            "children": {
                                "SubprocessEnvManager._take_step": {
                                    "total": 128.15424629997142,
                                    "count": 50933,
                                    "self": 5.255378000289056,
                                    "children": {
                                        "TorchPolicy.evaluate": {
                                            "total": 122.89886829968236,
                                            "count": 50002,
                                            "self": 122.89886829968236
                                        }
                                    }
                                },
                                "workers": {
                                    "total": 1.1855977003433509,
                                    "count": 50933,
                                    "self": 0.0,
                                    "children": {
                                        "worker_root": {
                                            "total": 761.123076799824,
                                            "count": 50933,
                                            "is_parallel": true,
                                            "self": 274.6400948002738,
                                            "children": {
                                                "steps_from_proto": {
                                                    "total": 0.0034062000013364013,
                                                    "count": 1,
                                                    "is_parallel": true,
                                                    "self": 0.0007592000001750421,
                                                    "children": {
                                                        "_process_rank_one_or_two_observation": {
                                                            "total": 0.0026470000011613593,
                                                            "count": 2,
                                                            "is_parallel": true,
                                                            "self": 0.0026470000011613593
                                                        }
                                                    }
                                                },
                                                "UnityEnvironment.step": {
                                                    "total": 486.4795757995489,
                                                    "count": 50933,
                                                    "is_parallel": true,
                                                    "self": 6.522981400063145,
                                                    "children": {
                                                        "UnityEnvironment._generate_step_input": {
                                                            "total": 6.459278499401989,
                                                            "count": 50933,
                                                            "is_parallel": true,
                                                            "self": 6.459278499401989
                                                        },
                                                        "communicator.exchange": {
                                                            "total": 455.0674651996451,
                                                            "count": 50933,
                                                            "is_parallel": true,
                                                            "self": 455.0674651996451
                                                        },
                                                        "steps_from_proto": {
                                                            "total": 18.429850700438692,
                                                            "count": 50933,
                                                            "is_parallel": true,
                                                            "self": 11.242883600480127,
                                                            "children": {
                                                                "_process_rank_one_or_two_observation": {
                                                                    "total": 7.186967099958565,
                                                                    "count": 101866,
                                                                    "is_parallel": true,
                                                                    "self": 7.186967099958565
                                                                }
                                                            }
                                                        }
                                                    }
                                                }
                                            }
                                        }
                                    }
                                }
                            }
                        },
                        "trainer_advance": {
                            "total": 42.93284729904917,
                            "count": 50933,
                            "self": 2.135712300121668,
                            "children": {
                                "process_trajectory": {
                                    "total": 11.798623798913468,
                                    "count": 50933,
                                    "self": 10.308290298908105,
                                    "children": {
                                        "RLTrainer._checkpoint": {
                                            "total": 1.490333500005363,
                                            "count": 10,
                                            "self": 1.490333500005363
                                        }
                                    }
                                },
                                "_update_policy": {
                                    "total": 28.998511200014036,
                                    "count": 24,
                                    "self": 11.508583000235376,
                                    "children": {
                                        "TorchPPOOptimizer.update": {
                                            "total": 17.48992819977866,
                                            "count": 2304,
                                            "self": 17.48992819977866
                                        }
                                    }
                                }
                            }
                        }
                    }
                },
                "trainer_threads": {
                    "total": 1.3000026228837669e-06,
                    "count": 1,
                    "self": 1.3000026228837669e-06
                },
                "TrainerController._save_models": {
                    "total": 0.11017890000221087,
                    "count": 1,
                    "self": 0.010953899996820837,
                    "children": {
                        "RLTrainer._checkpoint": {
                            "total": 0.09922500000539003,
                            "count": 1,
                            "self": 0.09922500000539003
                        }
                    }
                }
            }
        }
    }
}