{
    "Agent Controller": {
        "checkpoints": [
            {
                "steps": 34999,
                "file_path": "results\\PelletGrabberRun4\\Agent Controller\\Agent Controller-34999.onnx",
                "reward": 10.0,
                "creation_time": 1741476160.4308586,
                "auxillary_file_paths": [
                    "results\\PelletGrabberRun4\\Agent Controller\\Agent Controller-34999.pt"
                ]
            },
            {
                "steps": 39975,
                "file_path": "results\\PelletGrabberRun4\\Agent Controller\\Agent Controller-39975.onnx",
                "reward": 10.0,
                "creation_time": 1741476233.1112118,
                "auxillary_file_paths": [
                    "results\\PelletGrabberRun4\\Agent Controller\\Agent Controller-39975.pt"
                ]
            },
            {
                "steps": 44989,
                "file_path": "results\\PelletGrabberRun4\\Agent Controller\\Agent Controller-44989.onnx",
                "reward": 10.0,
                "creation_time": 1741476310.575238,
                "auxillary_file_paths": [
                    "results\\PelletGrabberRun4\\Agent Controller\\Agent Controller-44989.pt"
                ]
            },
            {
                "steps": 49978,
                "file_path": "results\\PelletGrabberRun4\\Agent Controller\\Agent Controller-49978.onnx",
                "reward": 10.0,
                "creation_time": 1741476389.2800076,
                "auxillary_file_paths": [
                    "results\\PelletGrabberRun4\\Agent Controller\\Agent Controller-49978.pt"
                ]
            },
            {
                "steps": 50002,
                "file_path": "results\\PelletGrabberRun4\\Agent Controller\\Agent Controller-50002.onnx",
                "reward": 10.0,
                "creation_time": 1741476389.3825579,
                "auxillary_file_paths": [
                    "results\\PelletGrabberRun4\\Agent Controller\\Agent Controller-50002.pt"
                ]
            }
        ],
        "final_checkpoint": {
            "steps": 50002,
            "file_path": "results\\PelletGrabberRun4\\Agent Controller.onnx",
            "reward": 10.0,
            "creation_time": 1741476389.3825579,
            "auxillary_file_paths": [
                "results\\PelletGrabberRun4\\Agent Controller\\Agent Controller-50002.pt"
            ]
        }
    },
    "metadata": {
        "stats_format_version": "0.3.0",
        "mlagents_version": "1.1.0",
        "torch_version": "2.6.0+cpu"
    }
}