{
    "name": "root",
    "gauges": {
        "AgentController.Policy.Entropy.mean": {
            "value": 1.40283203125,
            "min": 1.40283203125,
            "max": 1.4248085021972656,
            "count": 50
        },
        "AgentController.Policy.Entropy.sum": {
            "value": 1280.78564453125,
            "min": 1213.1820068359375,
            "max": 1857.390625,
            "count": 50
        },
        "AgentController.Environment.EpisodeLength.mean": {
            "value": 19.26530612244898,
            "min": 15.65,
            "max": 363.8333333333333,
            "count": 50
        },
        "AgentController.Environment.EpisodeLength.sum": {
            "value": 944.0,
            "min": 218.0,
            "max": 2341.0,
            "count": 50
        },
        "AgentController.Step.mean": {
            "value": 49997.0,
            "min": 980.0,
            "max": 49997.0,
            "count": 50
        },
        "AgentController.Step.sum": {
            "value": 49997.0,
            "min": 980.0,
            "max": 49997.0,
            "count": 50
        },
        "AgentController.Policy.ExtrinsicValueEstimate.mean": {
            "value": 1.7620631456375122,
            "min": -0.1048886850476265,
            "max": 1.7806825637817383,
            "count": 50
        },
        "AgentController.Policy.ExtrinsicValueEstimate.sum": {
            "value": 86.34109497070312,
            "min": -1.8879963159561157,
            "max": 104.3662109375,
            "count": 50
        },
        "AgentController.Environment.CumulativeReward.mean": {
            "value": 2.0,
            "min": -0.4230769230769231,
            "max": 2.0,
            "count": 50
        },
        "AgentController.Environment.CumulativeReward.sum": {
            "value": 98.0,
            "min": -11.0,
            "max": 120.0,
            "count": 50
        },
        "AgentController.Policy.ExtrinsicReward.mean": {
            "value": 2.0,
            "min": -0.4230769230769231,
            "max": 2.0,
            "count": 50
        },
        "AgentController.Policy.ExtrinsicReward.sum": {
            "value": 98.0,
            "min": -11.0,
            "max": 120.0,
            "count": 50
        },
        "AgentController.IsTraining.mean": {
            "value": 1.0,
            "min": 1.0,
            "max": 1.0,
            "count": 50
        },
        "AgentController.IsTraining.sum": {
            "value": 1.0,
            "min": 1.0,
            "max": 1.0,
            "count": 50
        },
        "AgentController.Losses.PolicyLoss.mean": {
            "value": 0.09892494303736991,
            "min": 0.0820677199056566,
            "max": 0.10620436628513137,
            "count": 24
        },
        "AgentController.Losses.PolicyLoss.sum": {
            "value": 0.09892494303736991,
            "min": 0.0820677199056566,
            "max": 0.10620436628513137,
            "count": 24
        },
        "AgentController.Losses.ValueLoss.mean": {
            "value": 0.015141333608577648,
            "min": 0.015141333608577648,
            "max": 0.207444362109527,
            "count": 24
        },
        "AgentController.Losses.ValueLoss.sum": {
            "value": 0.015141333608577648,
            "min": 0.015141333608577648,
            "max": 0.207444362109527,
            "count": 24
        },
        "AgentController.Policy.LearningRate.mean": {
            "value": 1.1520996159999865e-06,
            "min": 1.1520996159999865e-06,
            "max": 0.00028735200421600005,
            "count": 24
        },
        "AgentController.Policy.LearningRate.sum": {
            "value": 1.1520996159999865e-06,
            "min": 1.1520996159999865e-06,
            "max": 0.00028735200421600005,
            "count": 24
        },
        "AgentController.Policy.Epsilon.mean": {
            "value": 0.10038400000000001,
            "min": 0.10038400000000001,
            "max": 0.19578399999999999,
            "count": 24
        },
        "AgentController.Policy.Epsilon.sum": {
            "value": 0.10038400000000001,
            "min": 0.10038400000000001,
            "max": 0.19578399999999999,
            "count": 24
        },
        "AgentController.Policy.Beta.mean": {
            "value": 2.9161599999999775e-05,
            "min": 2.9161599999999775e-05,
            "max": 0.004789621600000001,
            "count": 24
        },
        "AgentController.Policy.Beta.sum": {
            "value": 2.9161599999999775e-05,
            "min": 2.9161599999999775e-05,
            "max": 0.004789621600000001,
            "count": 24
        }
    },
    "metadata": {
        "timer_format_version": "0.1.0",
        "start_time_seconds": "1741480798",
        "python_version": "3.10.12 | packaged by Anaconda, Inc. | (main, Jul  5 2023, 19:01:18) [MSC v.1916 64 bit (AMD64)]",
        "command_line_arguments": "C:\\Users\\SANGLI Kenneth\\.conda\\envs\\MLvenv\\Scripts\\mlagents-learn config.yaml --run-id=MoreMovementRun2",
        "mlagents_version": "1.1.0",
        "mlagents_envs_version": "1.1.0",
        "communication_protocol_version": "1.5.0",
        "pytorch_version": "2.6.0+cpu",
        "numpy_version": "1.23.5",
        "end_time_seconds": "1741480933"
    },
    "total": 135.0011960999982,
    "count": 1,
    "self": 0.04077559999859659,
    "children": {
        "run_training.setup": {
            "total": 0.13195419999829028,
            "count": 1,
            "self": 0.13195419999829028
        },
        "TrainerController.start_learning": {
            "total": 134.8284663000013,
            "count": 1,
            "self": 0.24330810026003746,
            "children": {
                "TrainerController._reset_env": {
                    "total": 16.891836399998283,
                    "count": 1,
                    "self": 16.891836399998283
                },
                "TrainerController.advance": {
                    "total": 117.58515389974491,
                    "count": 5635,
                    "self": 0.24671809934079647,
                    "children": {
                        "env_step": {
                            "total": 72.98729520016059,
                            "count": 5635,
                            "self": 59.98817530019005,
                            "children": {
                                "SubprocessEnvManager._take_step": {
                                    "total": 12.852149900136283,
                                    "count": 5635,
                                    "self": 0.5171768003565376,
                                    "children": {
                                        "TorchPolicy.evaluate": {
                                            "total": 12.334973099779745,
                                            "count": 4556,
                                            "self": 12.334973099779745
                                        }
                                    }
                                },
                                "workers": {
                                    "total": 0.14696999983425485,
                                    "count": 5635,
                                    "self": 0.0,
                                    "children": {
                                        "worker_root": {
                                            "total": 119.78146949998336,
                                            "count": 5635,
                                            "is_parallel": true,
                                            "self": 73.69678560024477,
                                            "children": {
                                                "steps_from_proto": {
                                                    "total": 0.004153500005486421,
                                                    "count": 1,
                                                    "is_parallel": true,
                                                    "self": 0.0008965000015450642,
                                                    "children": {
                                                        "_process_rank_one_or_two_observation": {
                                                            "total": 0.003257000003941357,
                                                            "count": 2,
                                                            "is_parallel": true,
                                                            "self": 0.003257000003941357
                                                        }
                                                    }
                                                },
                                                "UnityEnvironment.step": {
                                                    "total": 46.08053039973311,
                                                    "count": 5635,
                                                    "is_parallel": true,
                                                    "self": 1.1324341001818539,
                                                    "children": {
                                                        "UnityEnvironment._generate_step_input": {
                                                            "total": 1.7143489998707082,
                                                            "count": 5635,
                                                            "is_parallel": true,
                                                            "self": 1.7143489998707082
                                                        },
                                                        "communicator.exchange": {
                                                            "total": 40.329019199976756,
                                                            "count": 5635,
                                                            "is_parallel": true,
                                                            "self": 40.329019199976756
                                                        },
                                                        "steps_from_proto": {
                                                            "total": 2.9047280997037888,
                                                            "count": 5635,
                                                            "is_parallel": true,
                                                            "self": 1.5051498001994332,
                                                            "children": {
                                                                "_process_rank_one_or_two_observation": {
                                                                    "total": 1.3995782995043555,
                                                                    "count": 11270,
                                                                    "is_parallel": true,
                                                                    "self": 1.3995782995043555
                                                                }
                                                            }
                                                        }
                                                    }
                                                }
                                            }
                                        }
                                    }
                                }
                            }
                        },
                        "trainer_advance": {
                            "total": 44.351140600243525,
                            "count": 5635,
                            "self": 0.31188840037066257,
                            "children": {
                                "process_trajectory": {
                                    "total": 12.44277229985164,
                                    "count": 5635,
                                    "self": 10.280271099865786,
                                    "children": {
                                        "RLTrainer._checkpoint": {
                                            "total": 2.1625011999858543,
                                            "count": 10,
                                            "self": 2.1625011999858543
                                        }
                                    }
                                },
                                "_update_policy": {
                                    "total": 31.596479900021222,
                                    "count": 24,
                                    "self": 12.263375800139329,
                                    "children": {
                                        "TorchPPOOptimizer.update": {
                                            "total": 19.333104099881893,
                                            "count": 2304,
                                            "self": 19.333104099881893
                                        }
                                    }
                                }
                            }
                        }
                    }
                },
                "trainer_threads": {
                    "total": 2.2000021999701858e-06,
                    "count": 1,
                    "self": 2.2000021999701858e-06
                },
                "TrainerController._save_models": {
                    "total": 0.10816569999587955,
                    "count": 1,
                    "self": 0.004017599996586796,
                    "children": {
                        "RLTrainer._checkpoint": {
                            "total": 0.10414809999929275,
                            "count": 1,
                            "self": 0.10414809999929275
                        }
                    }
                }
            }
        }
    }
}