{
    "Agent Controller": {
        "checkpoints": [
            {
                "steps": 34976,
                "file_path": "results\\MoreMovementRun2\\Agent Controller\\Agent Controller-34976.onnx",
                "reward": 1.9577464788732395,
                "creation_time": 1741480898.8194664,
                "auxillary_file_paths": [
                    "results\\MoreMovementRun2\\Agent Controller\\Agent Controller-34976.pt"
                ]
            },
            {
                "steps": 39989,
                "file_path": "results\\MoreMovementRun2\\Agent Controller\\Agent Controller-39989.onnx",
                "reward": 2.0,
                "creation_time": 1741480911.0343907,
                "auxillary_file_paths": [
                    "results\\MoreMovementRun2\\Agent Controller\\Agent Controller-39989.pt"
                ]
            },
            {
                "steps": 44997,
                "file_path": "results\\MoreMovementRun2\\Agent Controller\\Agent Controller-44997.onnx",
                "reward": 1.9166666666666667,
                "creation_time": 1741480921.5480611,
                "auxillary_file_paths": [
                    "results\\MoreMovementRun2\\Agent Controller\\Agent Controller-44997.pt"
                ]
            },
            {
                "steps": 49997,
                "file_path": "results\\MoreMovementRun2\\Agent Controller\\Agent Controller-49997.onnx",
                "reward": 2.0,
                "creation_time": 1741480933.2357771,
                "auxillary_file_paths": [
                    "results\\MoreMovementRun2\\Agent Controller\\Agent Controller-49997.pt"
                ]
            },
            {
                "steps": 50011,
                "file_path": "results\\MoreMovementRun2\\Agent Controller\\Agent Controller-50011.onnx",
                "reward": 2.0,
                "creation_time": 1741480933.3444378,
                "auxillary_file_paths": [
                    "results\\MoreMovementRun2\\Agent Controller\\Agent Controller-50011.pt"
                ]
            }
        ],
        "final_checkpoint": {
            "steps": 50011,
            "file_path": "results\\MoreMovementRun2\\Agent Controller.onnx",
            "reward": 2.0,
            "creation_time": 1741480933.3444378,
            "auxillary_file_paths": [
                "results\\MoreMovementRun2\\Agent Controller\\Agent Controller-50011.pt"
            ]
        }
    },
    "metadata": {
        "stats_format_version": "0.3.0",
        "mlagents_version": "1.1.0",
        "torch_version": "2.6.0+cpu"
    }
}